Año;Mes;Código;Descripción;Cant.
2024;Enero;140;EXAMEN CLINICO PARCIAL;3
2024;Enero;150;EXAMEN CLINICO COMPLETO;9
2024;Enero;220;RX PERIAPICAL-1 PELICULA;9
2024;Enero;270;BITEWING UNILATERAL;1
2024;Enero;272;BITEWINGS-BILATERAL;4
2024;Enero;274;BITEWINGS-BILATERAL 4 PLACAS;5
2024;Enero;330;ORTOPANTOMOGRAFIA;9
2024;Enero;337;SCANNER 3D(CONE BEAM);2
2024;Enero;470;IMPRESIONES / MODELOS DIAGNÓST.;1
2024;Enero;501;EXAMEN HISTOPATOLÓGICO;1
2024;Enero;1101;PROFILAXIS SUPERFICIAL TOTAL;4
2024;Enero;1110;PROFILAXIS-ADULTO 3 GRUPOS;74
2024;Enero;1120;PROFILAXIS-NIÑO;7
2024;Enero;1203;FLUORACIÓN SILANO NIÑO;4
2024;Enero;1204;FLUORACIÓN SILANO ADULTO;12
2024;Enero;1330;INSTRUCCIÓN DE HIGIENE ORAL;2
2024;Enero;1351;SELLANTE;3
2024;Enero;1355;SESIÓN DE TRATAMIENTO;3
2024;Enero;2139;BLANQUEAMIENTO;1
2024;Enero;2330;RESINA-UNA SUPERF. ANTERIOR;10
2024;Enero;2331;RESINA-DOS SUPERF. ANTERIOR;2
2024;Enero;2332;RESINA TRES SUPERFI ANTERIOR;1
2024;Enero;2385;RESINA-1 SUPERF POST-PERMANENTE;23
2024;Enero;2386;RESINA-2 SUPER POST PERMANENTE;2
2024;Enero;2610;INLAY-PORCEL/CERÁMICA-1 SUPERF.;6
2024;Enero;2620;INLAY-PORCEL/CERÁMICA-2 SUPERF.;2
2024;Enero;2630;INLAY-PORCEL/CERÁMICA-3+ SUPERF;2
2024;Enero;2710;CORONA DE RESINA PROVISORI;1
2024;Enero;2740;CORONA CERÁMICA;3
2024;Enero;2955;REMOCIÓN DE ESPIGA - CORONA;1
2024;Enero;2960;CARILLA VESTIBULAR RESINA;1
2024;Enero;3229;EXODONCIA PRIMARIO;2
2024;Enero;3320;ENDODONCIA PREMOLAR;2
2024;Enero;3330;ENDODONCIA MOLAR;2
2024;Enero;3999;SESIÓN ENDODONCIA;2
2024;Enero;4341;PROFILAXIS PROFUNDA POR GRUPO;11
2024;Enero;4930;REEVALUACIÓN;1
2024;Enero;4940;RETIRO DE SUTURA;3
2024;Enero;4941;CONTROL DE CIRUGIA;2
2024;Enero;6010;CIRUGIA DE IMPLANTES C/U;3
2024;Enero;6020;EXPOSICIÓN DEL IMPLANTE;3
2024;Enero;6025;CORONA IMPLANTO SOPORTADA;1
2024;Enero;6030;PILAR MULTI UNIT Y ADITAMENTOS;1
2024;Enero;6034;PILAR ESTETICO INDIVIDUALIZADO;1
2024;Enero;7004;LABORATORIO PROVISORIO;1
2024;Enero;7006;LABORATORIO PLANO;1
2024;Enero;7010;LABORATORIO INC CEREC;9
2024;Enero;7012;LABORATORIO CORONA IMPLANTOSOPO;2
2024;Enero;7013;LABORATORIO CORONA PORCELANA;2
2024;Enero;7026;LAB. ORTOD. INVISALIGN 2 ARCOS;1
2024;Enero;7210;EXODONCIA A COLGAJO;3
2024;Enero;7240;EXOD.DIENTE INCLUIDO O IMPACTAD;4
2024;Enero;7286;BIOPSIA DE TEJIDOS BLANDOS;1
2024;Enero;8670;CONTROL SIN APARATO;1
2024;Enero;8671;CONTROL ORTODONCIA;65
2024;Enero;9110;URGENCIA;10
2024;Enero;9310;PROGRAMACION;6
2024;Enero;9940;PLANO DE ESTABILIZACIÓN;2
2024;Enero;9942;CONTROL DE PLANO ESTABILIZACIÓN;6
2024;Enero;9951;DESGASTE COSMÉTICO;1
2024;Febrero;140;EXAMEN CLINICO PARCIAL;2
2024;Febrero;150;EXAMEN CLINICO COMPLETO;2
2024;Febrero;220;RX PERIAPICAL-1 PELICULA;1
2024;Febrero;272;BITEWINGS-BILATERAL;1
2024;Febrero;274;BITEWINGS-BILATERAL 4 PLACAS;1
2024;Febrero;330;ORTOPANTOMOGRAFIA;3
2024;Febrero;1101;PROFILAXIS SUPERFICIAL TOTAL;1
2024;Febrero;1110;PROFILAXIS-ADULTO 3 GRUPOS;6
2024;Febrero;1120;PROFILAXIS-NIÑO;3
2024;Febrero;1203;FLUORACIÓN SILANO NIÑO;2
2024;Febrero;1351;SELLANTE;4
2024;Febrero;1355;SESIÓN DE TRATAMIENTO;1
2024;Febrero;2330;RESINA-UNA SUPERF. ANTERIOR;4
2024;Febrero;2331;RESINA-DOS SUPERF. ANTERIOR;1
2024;Febrero;2385;RESINA-1 SUPERF POST-PERMANENTE;1
2024;Febrero;2620;INLAY-PORCEL/CERÁMICA-2 SUPERF.;1
2024;Febrero;2710;CORONA DE RESINA PROVISORI;10
2024;Febrero;2740;CORONA CERÁMICA;1
2024;Febrero;2955;REMOCIÓN DE ESPIGA - CORONA;1
2024;Febrero;3229;EXODONCIA PRIMARIO;2
2024;Febrero;4940;RETIRO DE SUTURA;1
2024;Febrero;6010;CIRUGIA DE IMPLANTES C/U;7
2024;Febrero;6020;EXPOSICIÓN DEL IMPLANTE;7
2024;Febrero;6025;CORONA IMPLANTO SOPORTADA;1
2024;Febrero;6030;PILAR MULTI UNIT Y ADITAMENTOS;7
2024;Febrero;6998;LABORATORIO ESPIGA MUÑÓN;1
2024;Febrero;7004;LABORATORIO PROVISORIO;3
2024;Febrero;7005;LABORATORIO PROVISORIO B;7
2024;Febrero;7006;LABORATORIO PLANO;1
2024;Febrero;7010;LABORATORIO INC CEREC;1
2024;Febrero;7015;LABORATORIO CORONA METALCERÁMIC;3
2024;Febrero;7024;LAB. ORTOD INVISALIGN 1 ARCO;1
2024;Febrero;7210;EXODONCIA A COLGAJO;5
2024;Febrero;8671;CONTROL ORTODONCIA;19
2024;Febrero;8680;RETIRO AP. FIJO POR MAXILAR;1
2024;Febrero;8690;INVISALIGN ORTOD.;1
2024;Febrero;9110;URGENCIA;2
2024;Febrero;9310;PROGRAMACION;2
2024;Marzo;120;EVALUACIÓN PERIODICA;1
2024;Marzo;140;EXAMEN CLINICO PARCIAL;5
2024;Marzo;150;EXAMEN CLINICO COMPLETO;14
2024;Marzo;220;RX PERIAPICAL-1 PELICULA;8
2024;Marzo;272;BITEWINGS-BILATERAL;9
2024;Marzo;274;BITEWINGS-BILATERAL 4 PLACAS;10
2024;Marzo;330;ORTOPANTOMOGRAFIA;25
2024;Marzo;337;SCANNER 3D(CONE BEAM);4
2024;Marzo;1101;PROFILAXIS SUPERFICIAL TOTAL;6
2024;Marzo;1110;PROFILAXIS-ADULTO 3 GRUPOS;98
2024;Marzo;1120;PROFILAXIS-NIÑO;7
2024;Marzo;1201;FLUOR GEL NIÑO;1
2024;Marzo;1203;FLUORACIÓN SILANO NIÑO;5
2024;Marzo;1204;FLUORACIÓN SILANO ADULTO;8
2024;Marzo;1330;INSTRUCCIÓN DE HIGIENE ORAL;1
2024;Marzo;1351;SELLANTE;9
2024;Marzo;1355;SESIÓN DE TRATAMIENTO;1
2024;Marzo;2138;CONTROL BLANQ.;1
2024;Marzo;2139;BLANQUEAMIENTO;1
2024;Marzo;2330;RESINA-UNA SUPERF. ANTERIOR;8
2024;Marzo;2331;RESINA-DOS SUPERF. ANTERIOR;2
2024;Marzo;2385;RESINA-1 SUPERF POST-PERMANENTE;10
2024;Marzo;2620;INLAY-PORCEL/CERÁMICA-2 SUPERF.;3
2024;Marzo;2630;INLAY-PORCEL/CERÁMICA-3+ SUPERF;2
2024;Marzo;2710;CORONA DE RESINA PROVISORI;19
2024;Marzo;2740;CORONA CERÁMICA;4
2024;Marzo;2751;CORONA METAL CERÁMICA;2
2024;Marzo;2950;MUÑÓN INCLUYE RETENCIONES;6
2024;Marzo;2955;REMOCIÓN DE ESPIGA - CORONA;4
2024;Marzo;2960;CARILLA VESTIBULAR RESINA;1
2024;Marzo;2962;CARILLA VESTIBULAR PORCELANA;1
2024;Marzo;3229;EXODONCIA PRIMARIO;1
2024;Marzo;3310;ENDODONCIA ANTERIOR;1
2024;Marzo;3320;ENDODONCIA PREMOLAR;2
2024;Marzo;3348;ENDODONCIA M CON LES O REP;1
2024;Marzo;3425;APICOECT/PERIRAD-MOLAR/1ST ROOT;1
2024;Marzo;3999;SESIÓN ENDODONCIA;2
2024;Marzo;4240;COLGAJO POR GRUPO;1
2024;Marzo;4249;CIR. ÓSEA C/ALARG. CORONARIO;1
2024;Marzo;4341;PROFILAXIS PROFUNDA POR GRUPO;17
2024;Marzo;4940;RETIRO DE SUTURA;3
2024;Marzo;4941;CONTROL DE CIRUGIA;2
2024;Marzo;6020;EXPOSICIÓN DEL IMPLANTE;1
2024;Marzo;6025;CORONA IMPLANTO SOPORTADA;1
2024;Marzo;6030;PILAR MULTI UNIT Y ADITAMENTOS;1
2024;Marzo;6032;PILAR GENGI-HUE Y ADITAMENTOS;1
2024;Marzo;6241;PÓNTICO METAL PORCELANA;1
2024;Marzo;6998;LABORATORIO ESPIGA MUÑÓN;1
2024;Marzo;7004;LABORATORIO PROVISORIO;17
2024;Marzo;7005;LABORATORIO PROVISORIO B;1
2024;Marzo;7006;LABORATORIO PLANO;1
2024;Marzo;7010;LABORATORIO INC CEREC;5
2024;Marzo;7011;LABORATORIO CARILLA VESTIBULAR;1
2024;Marzo;7012;LABORATORIO CORONA IMPLANTOSOPO;2
2024;Marzo;7013;LABORATORIO CORONA PORCELANA;17
2024;Marzo;7015;LABORATORIO CORONA METALCERÁMIC;1
2024;Marzo;7024;LAB. ORTOD INVISALIGN 1 ARCO;2
2024;Marzo;7030;LABORATORIO CEREC CORONA;1
2024;Marzo;7210;EXODONCIA A COLGAJO;2
2024;Marzo;7230;EXOD DIENTE SEMI INCLUIDO ÓSEO;1
2024;Marzo;7240;EXOD.DIENTE INCLUIDO O IMPACTAD;1
2024;Marzo;8670;CONTROL SIN APARATO;1
2024;Marzo;8671;CONTROL ORTODONCIA;80
2024;Marzo;8690;INVISALIGN ORTOD.;1
2024;Marzo;9110;URGENCIA;7
2024;Marzo;9310;PROGRAMACION;13
2024;Marzo;9940;PLANO DE ESTABILIZACIÓN;1
2024;Marzo;9942;CONTROL DE PLANO ESTABILIZACIÓN;1
2024;Abril;140;EXAMEN CLINICO PARCIAL;5
2024;Abril;150;EXAMEN CLINICO COMPLETO;5
2024;Abril;220;RX PERIAPICAL-1 PELICULA;8
2024;Abril;272;BITEWINGS-BILATERAL;5
2024;Abril;274;BITEWINGS-BILATERAL 4 PLACAS;10
2024;Abril;330;ORTOPANTOMOGRAFIA;25
2024;Abril;337;SCANNER 3D(CONE BEAM);4
2024;Abril;1101;PROFILAXIS SUPERFICIAL TOTAL;13
2024;Abril;1110;PROFILAXIS-ADULTO 3 GRUPOS;78
2024;Abril;1120;PROFILAXIS-NIÑO;5
2024;Abril;1203;FLUORACIÓN SILANO NIÑO;5
2024;Abril;1204;FLUORACIÓN SILANO ADULTO;9
2024;Abril;1330;INSTRUCCIÓN DE HIGIENE ORAL;3
2024;Abril;1351;SELLANTE;10
2024;Abril;1355;SESIÓN DE TRATAMIENTO;3
2024;Abril;2139;BLANQUEAMIENTO;1
2024;Abril;2330;RESINA-UNA SUPERF. ANTERIOR;7
2024;Abril;2331;RESINA-DOS SUPERF. ANTERIOR;2
2024;Abril;2380;RESINA-1 SUPERF POST-PRIMARIO;1
2024;Abril;2385;RESINA-1 SUPERF POST-PERMANENTE;20
2024;Abril;6241;PÓNTICO METAL PORCELANA;4
2024;Abril;6998;LABORATORIO ESPIGA MUÑÓN;1
2024;Abril;7001;LABORATORIO REPARACIÓN;1
2024;Abril;7004;LABORATORIO PROVISORIO;1
2024;Abril;7005;LABORATORIO PROVISORIO B;3
2024;Abril;7009;LABORATORIO INCRUST. CERÁMICA;1
2024;Abril;7010;LABORATORIO INC CEREC;12
2024;Abril;7012;LABORATORIO CORONA IMPLANTOSOPO;2
2024;Abril;7013;LABORATORIO CORONA PORCELANA;5
2024;Abril;7015;LABORATORIO CORONA METALCERÁMIC;1
2024;Abril;7026;LAB. ORTOD. INVISALIGN 2 ARCOS;2
2024;Abril;7210;EXODONCIA A COLGAJO;8
2024;Abril;7230;EXOD DIENTE SEMI INCLUIDO ÓSEO;2
2024;Abril;7240;EXOD.DIENTE INCLUIDO O IMPACTAD;5
2024;Abril;8670;CONTROL SIN APARATO;1
2024;Abril;8671;CONTROL ORTODONCIA;62
2024;Abril;8690;INVISALIGN ORTOD.;2
2024;Abril;9110;URGENCIA;8
2024;Abril;9310;PROGRAMACION;6
2024;Abril;9940;PLANO DE ESTABILIZACIÓN;1
2024;Mayo;120;EVALUACIÓN PERIODICA;1
2024;Mayo;140;EXAMEN CLINICO PARCIAL;2
2024;Mayo;150;EXAMEN CLINICO COMPLETO;8
2024;Mayo;220;RX PERIAPICAL-1 PELICULA;12
2024;Mayo;270;BITEWING UNILATERAL;1
2024;Mayo;272;BITEWINGS-BILATERAL;10
2024;Mayo;274;BITEWINGS-BILATERAL 4 PLACAS;9
2024;Mayo;330;ORTOPANTOMOGRAFIA;16
2024;Mayo;340;CEPHALOMETRIC FILM (TELERADIOG);3
2024;Mayo;1101;PROFILAXIS SUPERFICIAL TOTAL;11
2024;Mayo;1110;PROFILAXIS-ADULTO 3 GRUPOS;63
2024;Mayo;1120;PROFILAXIS-NIÑO;5
2024;Mayo;1203;FLUORACIÓN SILANO NIÑO;3
2024;Mayo;1204;FLUORACIÓN SILANO ADULTO;6
2024;Mayo;1351;SELLANTE;10
2024;Mayo;1355;SESIÓN DE TRATAMIENTO;1
2024;Mayo;2139;BLANQUEAMIENTO;1
2024;Mayo;2330;RESINA-UNA SUPERF. ANTERIOR;10
2024;Mayo;2385;RESINA-1 SUPERF POST-PERMANENTE;27
2024;Mayo;2386;RESINA-2 SUPER POST PERMANENTE;2
2024;Mayo;2530;INLAY-METÁLICO-3 O + SUPERF.;1
2024;Mayo;2610;INLAY-PORCEL/CERÁMICA-1 SUPERF.;2
2024;Mayo;2620;INLAY-PORCEL/CERÁMICA-2 SUPERF.;5
2024;Mayo;2630;INLAY-PORCEL/CERÁMICA-3+ SUPERF;2
2024;Mayo;2710;CORONA DE RESINA PROVISORI;3
2024;Mayo;2751;CORONA METAL CERÁMICA;2
2024;Mayo;2955;REMOCIÓN DE ESPIGA - CORONA;1
2024;Mayo;3229;EXODONCIA PRIMARIO;2
2024;Mayo;3320;ENDODONCIA PREMOLAR;1
2024;Mayo;3330;ENDODONCIA MOLAR;2
2024;Mayo;3999;SESIÓN ENDODONCIA;1
2024;Mayo;4240;COLGAJO POR GRUPO;1
2024;Mayo;4341;PROFILAXIS PROFUNDA POR GRUPO;2
2024;Mayo;4940;RETIRO DE SUTURA;1
2024;Mayo;5610;REPAR BASE ACRILICA;1
2024;Mayo;6010;CIRUGIA DE IMPLANTES C/U;1
2024;Mayo;6020;EXPOSICIÓN DEL IMPLANTE;1
2024;Mayo;6025;CORONA IMPLANTO SOPORTADA;1
2024;Mayo;6030;PILAR MULTI UNIT Y ADITAMENTOS;1
2024;Mayo;7002;LABORATORIO PPR ACRILICA;1
2024;Mayo;7005;LABORATORIO PROVISORIO B;3
2024;Mayo;7006;LABORATORIO PLANO;4
2024;Mayo;7008;LABORATORIO INCRUST. METÁLICA;1
2024;Mayo;7010;LABORATORIO INC CEREC;7
2024;Mayo;7024;LAB. ORTOD INVISALIGN 1 ARCO;1
2024;Mayo;7210;EXODONCIA A COLGAJO;7
2024;Mayo;8670;CONTROL SIN APARATO;3
2024;Mayo;8671;CONTROL ORTODONCIA;52
2024;Mayo;8690;INVISALIGN ORTOD.;1
2024;Mayo;9110;URGENCIA;6
2024;Mayo;9310;PROGRAMACION;12
2024;Mayo;9940;PLANO DE ESTABILIZACIÓN;3
2024;Mayo;9942;CONTROL DE PLANO ESTABILIZACIÓN;4
2024;Junio;140;EXAMEN CLINICO PARCIAL;3
2024;Junio;150;EXAMEN CLINICO COMPLETO;10
2024;Junio;220;RX PERIAPICAL-1 PELICULA;12
2024;Junio;270;BITEWING UNILATERAL;1
2024;Junio;272;BITEWINGS-BILATERAL;6
2024;Junio;274;BITEWINGS-BILATERAL 4 PLACAS;9
2024;Junio;330;ORTOPANTOMOGRAFIA;23
2024;Junio;337;SCANNER 3D(CONE BEAM);1
2024;Junio;340;CEPHALOMETRIC FILM (TELERADIOG);2
2024;Junio;1101;PROFILAXIS SUPERFICIAL TOTAL;12
2024;Junio;1110;PROFILAXIS-ADULTO 3 GRUPOS;62
2024;Junio;1120;PROFILAXIS-NIÑO;9
2024;Junio;1203;FLUORACIÓN SILANO NIÑO;3
2024;Junio;1204;FLUORACIÓN SILANO ADULTO;1
2024;Junio;1351;SELLANTE;7
2024;Junio;1355;SESIÓN DE TRATAMIENTO;2
2024;Junio;2138;CONTROL BLANQ.;1
2024;Junio;2330;RESINA-UNA SUPERF. ANTERIOR;4
2024;Junio;2331;RESINA-DOS SUPERF. ANTERIOR;1
2024;Junio;2385;RESINA-1 SUPERF POST-PERMANENTE;10
2024;Junio;2386;RESINA-2 SUPER POST PERMANENTE;1
2024;Junio;2610;INLAY-PORCEL/CERÁMICA-1 SUPERF.;2
2024;Junio;2620;INLAY-PORCEL/CERÁMICA-2 SUPERF.;9
2024;Junio;2630;INLAY-PORCEL/CERÁMICA-3+ SUPERF;4
2024;Junio;2710;CORONA DE RESINA PROVISORI;3
2024;Junio;2740;CORONA CERÁMICA;1
2024;Junio;2955;REMOCIÓN DE ESPIGA - CORONA;1
2024;Junio;3229;EXODONCIA PRIMARIO;2
2024;Junio;3330;ENDODONCIA MOLAR;1
2024;Junio;4240;COLGAJO POR GRUPO;2
2024;Junio;4263;INJERTO POR SITIO;6
2024;Junio;4273;INJERTO TEJ. CONJUNTIVO;1
2024;Junio;4274;CUÑA DISTAL/MESIAL;1
2024;Junio;4341;PROFILAXIS PROFUNDA POR GRUPO;5
2024;Junio;4930;REEVALUACIÓN;1
2024;Junio;4940;RETIRO DE SUTURA;5
2024;Junio;4941;CONTROL DE CIRUGIA;2
2024;Junio;6010;CIRUGIA DE IMPLANTES C/U;3
2024;Junio;6020;EXPOSICIÓN DEL IMPLANTE;4
2024;Junio;6025;CORONA IMPLANTO SOPORTADA;2
2024;Junio;6030;PILAR MULTI UNIT Y ADITAMENTOS;2
2024;Junio;6034;PILAR ESTETICO INDIVIDUALIZADO;1
2024;Junio;6100;EXTRACCIÓN DE IMPLANTE.;1
2024;Junio;7004;LABORATORIO PROVISORIO;1
2024;Junio;7005;LABORATORIO PROVISORIO B;2
2024;Junio;7010;LABORATORIO INC CEREC;15
2024;Junio;7012;LABORATORIO CORONA IMPLANTOSOPO;1
2024;Junio;7026;LAB. ORTOD. INVISALIGN 2 ARCOS;4
2024;Junio;7210;EXODONCIA A COLGAJO;7
2024;Junio;7230;EXOD DIENTE SEMI INCLUIDO ÓSEO;1
2024;Junio;8090;AP. FIJO METALICO 2 AÑOS;1
2024;Junio;8671;CONTROL ORTODONCIA;69
2024;Junio;8690;INVISALIGN ORTOD.;4
2024;Junio;9110;URGENCIA;12
2024;Junio;9310;PROGRAMACION;7
2024;Junio;9940;PLANO DE ESTABILIZACIÓN;1
2024;Junio;9942;CONTROL DE PLANO ESTABILIZACIÓN;4
2024;Junio;9951;DESGASTE COSMÉTICO;3
2024;Julio;140;EXAMEN CLINICO PARCIAL;7
2024;Julio;150;EXAMEN CLINICO COMPLETO;10
2024;Julio;220;RX PERIAPICAL-1 PELICULA;3
2024;Julio;272;BITEWINGS-BILATERAL;10
2024;Julio;274;BITEWINGS-BILATERAL 4 PLACAS;4
2024;Julio;330;ORTOPANTOMOGRAFIA;15
2024;Julio;340;CEPHALOMETRIC FILM (TELERADIOG);1
2024;Julio;1101;PROFILAXIS SUPERFICIAL TOTAL;10
2024;Julio;1110;PROFILAXIS-ADULTO 3 GRUPOS;58
2024;Julio;1120;PROFILAXIS-NIÑO;6
2024;Julio;1203;FLUORACIÓN SILANO NIÑO;3
2024;Julio;1204;FLUORACIÓN SILANO ADULTO;6
2024;Julio;1330;INSTRUCCIÓN DE HIGIENE ORAL;2
2024;Julio;1351;SELLANTE;21
2024;Julio;1355;SESIÓN DE TRATAMIENTO;8
2024;Julio;2138;CONTROL BLANQ.;1
2024;Julio;2330;RESINA-UNA SUPERF. ANTERIOR;9
2024;Julio;2380;RESINA-1 SUPERF POST-PRIMARIO;1
2024;Julio;2385;RESINA-1 SUPERF POST-PERMANENTE;18
2024;Julio;2386;RESINA-2 SUPER POST PERMANENTE;8
2024;Julio;2610;INLAY-PORCEL/CERÁMICA-1 SUPERF.;1
2024;Julio;2620;INLAY-PORCEL/CERÁMICA-2 SUPERF.;3
2024;Julio;2630;INLAY-PORCEL/CERÁMICA-3+ SUPERF;4
2024;Julio;2710;CORONA DE RESINA PROVISORI;2
2024;Julio;2740;CORONA CERÁMICA;1
2024;Julio;2955;REMOCIÓN DE ESPIGA - CORONA;1
2024;Julio;2960;CARILLA VESTIBULAR RESINA;3
2024;Julio;3229;EXODONCIA PRIMARIO;1
2024;Julio;3310;ENDODONCIA ANTERIOR;1
2024;Julio;3320;ENDODONCIA PREMOLAR;1
2024;Julio;3330;ENDODONCIA MOLAR;1
2024;Julio;3999;SESIÓN ENDODONCIA;5
2024;Julio;4240;COLGAJO POR GRUPO;1
2024;Julio;4263;INJERTO POR SITIO;3
2024;Julio;4273;INJERTO TEJ. CONJUNTIVO;1
2024;Julio;4274;CUÑA DISTAL/MESIAL;1
2024;Julio;4321;FÉRULA PROV. EXTRACORONARIA;3
2024;Julio;4341;PROFILAXIS PROFUNDA POR GRUPO;9
2024;Julio;4940;RETIRO DE SUTURA;6
2024;Julio;4941;CONTROL DE CIRUGIA;7
2024;Julio;5120;PROTESIS TOTAL INFERIOR;1
2024;Julio;6010;CIRUGIA DE IMPLANTES C/U;6
2024;Julio;6020;EXPOSICIÓN DEL IMPLANTE;4
2024;Julio;6030;PILAR MULTI UNIT Y ADITAMENTOS;1
2024;Julio;7005;LABORATORIO PROVISORIO B;1
2024;Julio;7006;LABORATORIO PLANO;2
2024;Julio;7010;LABORATORIO INC CEREC;8
2024;Julio;7013;LABORATORIO CORONA PORCELANA;1
2024;Julio;7026;LAB. ORTOD. INVISALIGN 2 ARCOS;2
2024;Julio;7210;EXODONCIA A COLGAJO;12
2024;Julio;7230;EXOD DIENTE SEMI INCLUIDO ÓSEO;2
2024;Julio;8671;CONTROL ORTODONCIA;45
2024;Julio;8690;INVISALIGN ORTOD.;2
2024;Julio;9110;URGENCIA;10
2024;Julio;9310;PROGRAMACION;13
2024;Julio;9940;PLANO DE ESTABILIZACIÓN;2
2024;Julio;9941;PROTECTOR BUCAL DEPORTIVO;1
2024;Julio;9952;AJUSTE OCLUSAL / SELECTIVO;1
2024;Agosto;140;EXAMEN CLINICO PARCIAL;11
2024;Agosto;150;EXAMEN CLINICO COMPLETO;6
2024;Agosto;220;RX PERIAPICAL-1 PELICULA;9
2024;Agosto;272;BITEWINGS-BILATERAL;3
2024;Agosto;274;BITEWINGS-BILATERAL 4 PLACAS;2
2024;Agosto;330;ORTOPANTOMOGRAFÍA;19
2024;Agosto;337;SCANNER 3D(CONE BEAM);3
2024;Agosto;1101;PROFILAXIS SUPERFICIAL TOTAL;11
2024;Agosto;1110;PROFILAXIS-ADULTO 3 GRUPOS;50
2024;Agosto;1120;PROFILAXIS-NIÑO;2
2024;Agosto;1203;FLUORACIÓN SILANO NIÑO;4
2024;Agosto;1204;FLUORACIÓN SILANO ADULTO;4
2024;Agosto;1330;INSTRUCCIÓN DE HIGIENE ORAL;1
2024;Agosto;1351;SELLANTE;4
2024;Agosto;1355;SESIÓN DE TRATAMIENTO;5
2024;Agosto;2330;RESINA-UNA SUPERF. ANTERIOR;9
2024;Agosto;2332;RESINA TRES SUPERFI ANTERIOR;1
2024;Agosto;2385;RESINA-1 SUPERF POST-PERMANENTE;23
2024;Agosto;2543;ONLAY-METÁLICO-3 SUPERFICIES;1
2024;Agosto;2610;INLAY-PORCEL/CERÁMICA-1 SUPERF.;1
2024;Agosto;2620;INLAY-PORCEL/CERÁMICA-2 SUPERF.;2
2024;Agosto;2630;INLAY-PORCEL/CERÁMICA-3+ SUPERF;3
2024;Agosto;2710;CORONA DE RESINA PROVISORI;4
2024;Agosto;2740;CORONA CERÁMICA;1
2024;Agosto;2751;CORONA METAL CERÁMICA;1
2024;Agosto;2952;ESPIGA MUÑÓN COLADO;1
2024;Agosto;2960;CARILLA VESTIBULAR RESINA;2
2024;Agosto;2999;CONTROL INESPECIFICO;1
2024;Agosto;4240;COLGAJO POR GRUPO;2
2024;Agosto;4249;CIR. ÓSEA C/ALARG. CORONARIO;2
2024;Agosto;4250;CIR. MUCOGINGIVAL POR GRUPO;1
2024;Agosto;4263;INJERTO POR SITIO;5
2024;Agosto;4273;INJERTO TEJ. CONJUNTIVO;1
2024;Agosto;4341;PROFILAXIS PROFUNDA POR GRUPO;1
2024;Agosto;4930;REEVALUACIÓN;1
2024;Agosto;4940;RETIRO DE SUTURA;12
2024;Agosto;4941;CONTROL DE CIRUGIA;3
2024;Agosto;6010;CIRUGIA DE IMPLANTES C/U;6
2024;Agosto;6020;EXPOSICIÓN DEL IMPLANTE;1
2024;Agosto;6025;CORONA IMPLANTO SOPORTADA;4
2024;Agosto;6030;PILAR MULTI UNIT Y ADITAMENTOS;4
2024;Agosto;6100;EXTRACCIÓN DE IMPLANTE.;1
2024;Agosto;6196;TRONILLO PROTESICO - TORQUE;2
2024;Agosto;6241;PÓNTICO METAL PORCELANA;2
2024;Agosto;6751;RETENEDOR PTE. METAL-CERAMICO;2
2024;Agosto;6998;LABORATORIO ESPIGA MUÑÓN;1
2024;Agosto;7004;LABORATORIO PROVISORIO;2
2024;Agosto;7006;LABORATORIO PLANO;2
2024;Agosto;7010;LABORATORIO INC CEREC;4
2024;Agosto;7012;LABORATORIO CORONA IMPLANTOSOPO;4
2024;Agosto;7013;LABORATORIO CORONA PORCELANA;4
2024;Agosto;7015;LABORATORIO CORONA METALCERÁMIC;2
2024;Agosto;7026;LAB. ORTOD. INVISALIGN 2 ARCOS;1
2024;Agosto;7210;EXODONCIA A COLGAJO;12
2024;Agosto;7230;EXOD DIENTE SEMI INCLUIDO ÓSEO;5
2024;Agosto;7240;EXOD.DIENTE INCLUIDO O IMPACTAD;2
2024;Agosto;7510;VACIAMIENTO DE ABS TEJ BLANDO;1
2024;Agosto;8080;AP. FIJO METALICO 1 AÑO;1
2024;Agosto;8090;AP. FIJO METALICO 2 AÑOS;1
2024;Agosto;8670;CONTROL SIN APARATO;2
2024;Agosto;8671;CONTROL ORTODONCIA;55
2024;Agosto;8690;INVISALIGN ORTOD.;1
2024;Agosto;9110;URGENCIA;14
2024;Agosto;9310;PROGRAMACION;8
2024;Agosto;9940;PLANO DE ESTABILIZACIÓN;2
2024;Agosto;9942;CONTROL DE PLANO ESTABILIZACIÓN;2
2024;Agosto;9951;DESGASTE COSMÉTICO;1
2024;Agosto;9952;AJUSTE OCLUSAL / SELECTIVO;1
2024;Agosto;90620;EXAMEN E INTERCONSULTA;1
2024;Septiembre;140;EXAMEN CLINICO PARCIAL;1
2024;Septiembre;150;EXAMEN CLINICO COMPLETO;9
2024;Septiembre;220;RX PERIAPICAL-1 PELICULA;12
2024;Septiembre;270;BITEWING UNILATERAL;5
2024;Septiembre;272;BITEWINGS-BILATERAL;3
2024;Septiembre;274;BITEWINGS-BILATERAL 4 PLACAS;11
2024;Septiembre;330;ORTOPANTOMOGRAFÍA;16
2024;Septiembre;337;SCANNER 3D(CONE BEAM);6
2024;Septiembre;1101;PROFILAXIS SUPERFICIAL TOTAL;9
2024;Septiembre;1110;PROFILAXIS-ADULTO 3 GRUPOS;53
2024;Septiembre;1120;PROFILAXIS-NIÑO;5
2024;Septiembre;1203;FLUORACIÓN SILANO NIÑO;2
2024;Septiembre;1204;FLUORACIÓN SILANO ADULTO;4
2024;Septiembre;1351;SELLANTE;16
2024;Septiembre;1355;SESIÓN DE TRATAMIENTO;2
2024;Septiembre;2330;RESINA-UNA SUPERF. ANTERIOR;8
2024;Septiembre;2331;RESINA-DOS SUPERF. ANTERIOR;2
2024;Septiembre;2385;RESINA-1 SUPERF POST-PERMANENTE;10
2024;Septiembre;2386;RESINA-2 SUPER POST PERMANENTE;1
2024;Septiembre;2620;INLAY-PORCEL/CERÁMICA-2 SUPERF.;1
2024;Septiembre;2710;CORONA DE RESINA PROVISORI;8
2024;Septiembre;2740;CORONA CERÁMICA;3
2024;Septiembre;2950;MUÑÓN INCLUYE RETENCIONES;2
2024;Septiembre;2955;REMOCIÓN DE ESPIGA - CORONA;3
2024;Septiembre;2960;CARILLA VESTIBULAR RESINA;1
2024;Septiembre;3229;EXODONCIA PRIMARIO;2
2024;Septiembre;3346;ENDODONCIA ANT LESIÓN O REP.;2
2024;Septiembre;4240;COLGAJO POR GRUPO;1
2024;Septiembre;4274;CUÑA DISTAL/MESIAL;1
2024;Septiembre;4940;RETIRO DE SUTURA;6
2024;Septiembre;4941;CONTROL DE CIRUGIA;3
2024;Septiembre;5620;REPAR BASE METÁLICA;1
2024;Septiembre;6025;CORONA IMPLANTO SOPORTADA;2
2024;Septiembre;6030;PILAR MULTI UNIT Y ADITAMENTOS;2
2024;Septiembre;6196;TRONILLO PROTESICO - TORQUE;1
2024;Septiembre;7001;LABORATORIO REPARACIÓN;1
2024;Septiembre;7004;LABORATORIO PROVISORIO;7
2024;Septiembre;7006;LABORATORIO PLANO;1
2024;Septiembre;7010;LABORATORIO INC CEREC;3
2024;Septiembre;7012;LABORATORIO CORONA IMPLANTOSOPO;1
2024;Septiembre;7013;LABORATORIO CORONA PORCELANA;3
2024;Septiembre;7024;LAB. ORTOD INVISALIGN 1 ARCO;1
2024;Septiembre;7026;LAB. ORTOD. INVISALIGN 2 ARCOS;1
2024;Septiembre;7210;EXODONCIA A COLGAJO;7
2024;Septiembre;7230;EXOD DIENTE SEMI INCLUIDO ÓSEO;4
2024;Septiembre;8671;CONTROL ORTODONCIA;40
2024;Septiembre;8690;INVISALIGN ORTOD.;2
2024;Septiembre;9110;URGENCIA;9
2024;Septiembre;9310;PROGRAMACION;9
2024;Septiembre;9940;PLANO DE ESTABILIZACIÓN;1
2024;Septiembre;9942;CONTROL DE PLANO ESTABILIZACIÓN;1
2024;Octubre;140;EXAMEN CLINICO PARCIAL;2
2024;Octubre;150;EXAMEN CLINICO COMPLETO;11
2024;Octubre;220;RX PERIAPICAL-1 PELICULA;5
2024;Octubre;270;BITEWING UNILATERAL;1
2024;Octubre;272;BITEWINGS-BILATERAL;4
2024;Octubre;274;BITEWINGS-BILATERAL 4 PLACAS;9
2024;Octubre;330;ORTOPANTOMOGRAFÍA;17
2024;Octubre;337;SCANNER 3D(CONE BEAM);8
2024;Octubre;1101;PROFILAXIS SUPERFICIAL TOTAL;22
2024;Octubre;1110;PROFILAXIS-ADULTO 3 GRUPOS;58
2024;Octubre;1120;PROFILAXIS-NIÑO;6
2024;Octubre;1203;FLUORACIÓN SILANO NIÑO;3
2024;Octubre;1204;FLUORACIÓN SILANO ADULTO;4
2024;Octubre;1330;INSTRUCCIÓN DE HIGIENE ORAL;1
2024;Octubre;1351;SELLANTE;6
2024;Octubre;1355;SESIÓN DE TRATAMIENTO;4
2024;Octubre;2330;RESINA-UNA SUPERF. ANTERIOR;6
2024;Octubre;2385;RESINA-1 SUPERF POST-PERMANENTE;16
2024;Octubre;2386;RESINA-2 SUPER POST PERMANENTE;4
2024;Octubre;2610;INLAY-PORCEL/CERÁMICA-1 SUPERF.;3
2024;Octubre;2620;INLAY-PORCEL/CERÁMICA-2 SUPERF.;4
2024;Octubre;2630;INLAY-PORCEL/CERÁMICA-3+ SUPERF;4
2024;Octubre;2710;CORONA DE RESINA PROVISORI;1
2024;Octubre;2740;CORONA CERÁMICA;1
2024;Octubre;2955;REMOCIÓN DE ESPIGA - CORONA;1
2024;Octubre;2999;CONTROL INESPECIFICO;1
2024;Octubre;3229;EXODONCIA PRIMARIO;1
2024;Octubre;3320;ENDODONCIA PREMOLAR;1
2024;Octubre;3330;ENDODONCIA MOLAR;1
2024;Octubre;3348;ENDODONCIA M CON LES O REP;1
2024;Octubre;3999;SESIÓN ENDODONCIA;5
2024;Octubre;4240;COLGAJO POR GRUPO;1
2024;Octubre;4249;CIR. ÓSEA C/ALARG. CORONARIO;2
2024;Octubre;4341;PROFILAXIS PROFUNDA POR GRUPO;12
2024;Octubre;4930;REEVALUACIÓN;2
2024;Octubre;4940;RETIRO DE SUTURA;3
2024;Octubre;4941;CONTROL DE CIRUGIA;3
2024;Octubre;6010;CIRUGIA DE IMPLANTES C/U;3
2024;Octubre;6020;EXPOSICIÓN DEL IMPLANTE;3
2024;Octubre;6025;CORONA IMPLANTO SOPORTADA;2
2024;Noviembre;140;EXAMEN CLINICO PARCIAL;2
2024;Noviembre;150;EXAMEN CLINICO COMPLETO;8
2024;Noviembre;220;RX PERIAPICAL-1 PELICULA;8
2024;Noviembre;272;BITEWINGS-BILATERAL;6
2024;Noviembre;274;BITEWINGS-BILATERAL 4 PLACAS;8
2024;Noviembre;330;ORTOPANTOMOGRAFIA;17
2024;Noviembre;337;SCANNER 3D(CONE BEAM);4
2024;Noviembre;501;EXAMEN HISTOPATOLOGICO;1
2024;Noviembre;1101;PROFILAXIS SUPERFICIAL TOTAL;13
2024;Noviembre;1110;PROFILAXIS-ADULTO 3 GRUPOS;65
2024;Noviembre;1120;PROFILAXIS-NIÑO;2
2024;Noviembre;1203;FLUORACIÓN SILANO NIÑO;1
2024;Noviembre;1204;FLUORACIÓN SILANO ADULTO;8
2024;Noviembre;1351;SELLANTE;10
2024;Noviembre;1355;SESIÓN DE TRATAMIENTO;25
2024;Noviembre;2138;CONTROL BLANQ.;1
2024;Noviembre;2330;RESINA-UNA SUPERF. ANTERIOR;3
2024;Noviembre;2331;RESINA-DOS SUPERF. ANTERIOR;4
2024;Noviembre;2385;RESINA-1 SUPERF POST-PERMANENTE;17
2024;Noviembre;2610;INLAY-PORCEL/CERÁMICA-1 SUPERF.;6
2024;Noviembre;2620;INLAY-PORCEL/CERÁMICA-2 SUPERF.;5
2024;Noviembre;2630;INLAY-PORCEL/CERÁMICA-3+ SUPERF;5
2024;Noviembre;2710;CORONA DE RESINA PROVISORI;7
2024;Noviembre;2740;CORONA CERÁMICA;2
2024;Noviembre;2751;CORONA METAL CERÁMICA;2
2024;Noviembre;2952;ESPIGA MUÑÓN COLADO;2
2024;Noviembre;2962;CARILLA VESTIBULAR PORCELANA;8
2024;Noviembre;3310;ENDODONCIA ANTERIOR;1
2024;Noviembre;3330;ENDODONCIA MOLAR;1
2024;Noviembre;4240;COLGAJO POR GRUPO;12
2024;Noviembre;4249;CIR. ÓSEA C/ALARG. CORONARIO;1
2024;Noviembre;4263;INJERTO POR SITIO;1
2024;Noviembre;4341;PROFILAXIS PROFUNDA POR GRUPO;11
2024;Noviembre;4940;RETIRO DE SUTURA;7
2024;Noviembre;4941;CONTROL DE CIRUGIA;10
2024;Noviembre;5610;REPAR BASE ACRILICA;1
2024;Noviembre;5851;ACONDICIONADOR DE TEJ INF;1
2024;Noviembre;6010;CIRUGIA DE IMPLANTES C/U;3
2024;Noviembre;6020;EXPOSICIÓN DEL IMPLANTE;1
2024;Noviembre;6025;CORONA IMPLANTO SOPORTADA;2
2024;Noviembre;6030;PILAR MULTI UNIT Y ADITAMENTOS;1
2024;Noviembre;6100;EXTRACCIÓN DE IMPLANTE.;1
2024;Noviembre;6196;TRONILLO PROTESICO - TORQUE;1
2024;Noviembre;6241;PÓNTICO METAL PORCELANA;1
2024;Noviembre;6998;LABORATORIO ESPIGA MUÑÓN;1
2024;Noviembre;7001;LABORATORIO REPARACIÓN;1
2024;Noviembre;7004;LABORATORIO PROVISORIO;4
2024;Noviembre;7005;LABORATORIO PROVISORIO B;2
2024;Noviembre;7006;LABORATORIO PLANO;4
2024;Noviembre;7010;LABORATORIO INC CEREC;16
2024;Noviembre;7012;LABORATORIO CORONA IMPLANTOSOPO;1
2024;Noviembre;7013;CORONA PORCELANA;3
2024;Noviembre;7015;LABORATORIO CORONA METALCERÁMIC;5
2024;Noviembre;7026;LAB. ORTOD. INVISALIGN 2 ARCOS;1
2024;Noviembre;7210;EXODONCIA A COLGAJO;3
2024;Noviembre;7240;EXOD. DIENTE INCLUIDO O IMPACTAD;2
2024;Noviembre;7286;BIOPSIA DE TEJIDOS BLANDOS;1
2024;Noviembre;8671;CONTROL ORTODONCIA;45
2024;Noviembre;8690;INVISALIGN ORTOD.;1
2024;Noviembre;9110;URGENCIA;15
2024;Noviembre;9310;PROGRAMACION;10
2024;Noviembre;9940;PLANO DE ESTABILIZACIÓN;3
2024;Noviembre;9942;CONTROL DE PLANO ESTABILIZACIÓN;6
2024;Noviembre;9952;AJUSTE OCLUSAL / SELECTIVO;1
2024;Diciembre;120;EVALUACIÓN PERIODICA;1
2024;Diciembre;140;EXAMEN CLINICO PARCIAL;2
2024;Diciembre;150;EXAMEN CLINICO COMPLETO;12
2024;Diciembre;220;RX PERIAPICAL-1 PELICULA;10
2024;Diciembre;270;BITEWING UNILATERAL;2
2024;Diciembre;272;BITEWINGS-BILATERAL;1
2024;Diciembre;274;BITEWINGS-BILATERAL 4 PLACAS;16
2024;Diciembre;330;ORTOPANTOMOGRAFIA;22
2024;Diciembre;337;SCANNER 3D(CONE BEAM);5
2024;Diciembre;501;EXAMEN HISTOPATOLOGICO;1
2024;Diciembre;1101;PROFILAXIS SUPERFICIAL TOTAL;16
2024;Diciembre;1110;PROFILAXIS-ADULTO 3 GRUPOS;77
2024;Diciembre;1120;PROFILAXIS-NIÑO;15
2024;Diciembre;1201;FLUOR GEL NIÑO;3
2024;Diciembre;1203;FLUORACIÓN SILANO NIÑO;9
2024;Diciembre;1204;FLUORACIÓN SILANO ADULTO;7
2024;Diciembre;1330;INSTRUCCIÓN DE HIGIENE ORAL;2
2024;Diciembre;1351;SELLANTE;4
2024;Diciembre;1355;SESIÓN DE TRATAMIENTO;12
2024;Diciembre;2330;RESINA-UNA SUPERF. ANTERIOR;13
2024;Diciembre;2331;RESINA-DOS SUPERF. ANTERIOR;5
2024;Diciembre;2385;RESINA-1 SUPERF POST-PERMANENTE;12
2024;Diciembre;2386;RESINA-2 SUPER POST PERMANENTE;2
2024;Diciembre;2610;INLAY-PORCEL/CERAMICA-1 SUPERF.;5
2024;Diciembre;2620;INLAY-PORCEL/CERAMICA-2 SUPERF.;2
2024;Diciembre;2630;INLAY-PORCEL/CERAMICA-3+ SUPERF;3
2024;Diciembre;2710;CORONA DE RESINA PROVISORI;11
2024;Diciembre;2740;CORONA CERÁMICA;2
2024;Diciembre;2751;CORONA METAL CERÁMICA;8
2024;Diciembre;2952;ESPIGA MUÑÓN COLADO;5
2024;Diciembre;2955;REMOCIÓN DE ESPIGA - CORONA;10
2024;Diciembre;2962;CARILLA VESTIBULAR PORCELANA;6
2024;Diciembre;3310;ENDODONCIA ANTERIOR;1
2024;Diciembre;3330;ENDODONCIA MOLAR;1
2024;Diciembre;3347;ENDODONCIA PM CON LES O REP;2
2024;Diciembre;3999;SESIÓN ENDODONCIA;4
2024;Diciembre;4263;INJERTO POR SITIO;1
2024;Diciembre;4341;PROFILAXIS PROFUNDA POR GRUPO;13
2024;Diciembre;4940;RETIRO DE SUTURA;2
2024;Diciembre;4941;CONTROL DE CIRUGIA;6
2024;Diciembre;6010;CIRUGIA DE IMPLANTES C/U;1
2024;Diciembre;6020;EXPOSICIÓN DEL IMPLANTE;2
2024;Diciembre;6025;CORONA IMPLANTO SOPORTADA;1
2024;Diciembre;6030;PILAR MULTI UNIT Y ADITAMENTOS;3
2024;Diciembre;6034;PILAR ESTETICO INDIVIDUALIZADO;1
2024;Diciembre;6998;LABORATORIO ESPIGA MUÑÓN;6
2024;Diciembre;6999;SESIÓN PROT. FIJA;1
2024;Diciembre;7004;LABORATORIO PROVISORIO;7
2024;Diciembre;7005;LABORATORIO PROVISORIO B;3
2024;Diciembre;7006;LABORATORIO PLANO;2
2024;Diciembre;7010;LABORATORIO INC CEREC;11
2024;Diciembre;7011;LABORATORIO CARILLA VESTIBULAR;9
2024;Diciembre;7013;LABORATORIO CORONA PORCELANA;3
2024;Diciembre;7015;LABORATORIO CORONA METALCERÁMIC;6
2024;Diciembre;7021;ENCERADO DIAGNÓSTICO POR PIEZA;7
2024;Diciembre;7024;LAB. ORTOD INVISALIGN 1 ARCO;1
2024;Diciembre;7026;LAB. ORTOD. INVISALIGN 2 ARCOS;5
2024;Diciembre;7210;EXODONCIA A COLGAJO;5
2024;Diciembre;7286;BIOPSIA DE TEJIDOS BLANDOS;1
2024;Diciembre;8670;CONTROL SIN APARATO;2
2024;Diciembre;8671;CONTROL ORTODONCIA;58
2024;Diciembre;8690;INVISALIGN ORTOD.;3
2024;Diciembre;9110;URGENCIA;9
2024;Diciembre;9310;PROGRAMACION;21
2024;Diciembre;9940;PLANO DE ESTABILIZACIÓN;4
2024;Diciembre;9942;CONTROL DE PLANO ESTABILIZACIÓN;11
2024;Diciembre;9952;AJUSTE OCLUSAL / SELECTIVO;1
2025;Enero;150;EXAMEN CLINICO COMPLETO;12
2025;Enero;220;RX PERIAPICAL-1 PELICULA;8
2025;Enero;270;BITEWING UNILATERAL;3
2025;Enero;272;BITEWINGS-BILATERAL;7
2025;Enero;274;BITEWINGS-BILATERAL 4 PLACAS;11
2025;Enero;330;ORTOPANTOMOGRAFIA;25
2025;Enero;337;SCANNER 3D(CONE BEAM);2
2025;Enero;340;CEPHALOMETRIC FILM (TELERADIOG);1
2025;Enero;1101;PROFILAXIS SUPERFICIAL TOTAL;8
2025;Enero;1110;PROFILAXIS-ADULTO 3 GRUPOS;65
2025;Enero;1120;PROFILAXIS-NIÑO;11
2025;Enero;1203;FLUORACIÓN SILANO NIÑO;9
2025;Enero;1204;FLUORACIÓN SILANO ADULTO;8
2025;Enero;1330;INSTRUCCIÓN DE HIGIENE ORAL;1
2025;Enero;1351;SELLANTE;13
2025;Enero;1355;SESIÓN DE TRATAMIENTO;2
2025;Enero;2138;CONTROL BLANQ.;1
2025;Enero;2139;BLANQUEAMIENTO;1
2025;Enero;2330;RESINA-UNA SUPERF. ANTERIOR;1
2025;Enero;2331;RESINA-DOS SUPERF. ANTERIOR;4
2025;Enero;2380;RESINA-1 SUPERF POST-PRIMARIO;1
2025;Enero;2385;RESINA-1 SUPERF POST-PERMANENTE;32
2025;Enero;2386;RESINA-2 SUPER POST PERMANENTE;2
2025;Enero;2610;INLAY-PORCEL/CERÁMICA-1 SUPERF.;3
2025;Enero;2620;INLAY-PORCEL/CERÁMICA-2 SUPERF.;1
2025;Enero;2630;INLAY-PORCEL/CERÁMICA-3+ SUPERF;6
2025;Enero;2643;ONLAY-PORCEL/CERÁM-3 SUPERF.;1
2025;Enero;2644;ONLAY-PORCEL/CERÁM-4 + SUPERF.;1
2025;Enero;2710;CORONA DE RESINA PROVISORI;2
2025;Enero;2740;CORONA CERÁMICA;2
2025;Enero;2751;CORONA METAL CERÁMICA;3
2025;Enero;2952;ESPIGA MUÑÓN COLADO;2
2025;Enero;2955;REMOCIÓN DE ESPIGA - CORONA;1
2025;Enero;3330;ENDODONCIA MOLAR;1
2025;Enero;3999;SESIÓN ENDODONCIA;1
2025;Enero;4240;COLGAJO POR GRUPO;1
2025;Enero;4249;CIR. ÓSEA C/ALARG. CORONARIO;1
2025;Enero;4930;REEVALUACIÓN;2
2025;Enero;4940;RETIRO DE SUTURA;5
2025;Enero;4941;CONTROL DE CIRUGIA;3
2025;Enero;5851;ACONDICIONADOR DE TEJ INF;1
2025;Enero;6020;EXPOSICIÓN DEL IMPLANTE;1
2025;Enero;6025;CORONA IMPLANTO SOPORTADA;11
2025;Enero;6030;PILAR MULTI UNIT Y ADITAMENTOS;3
2025;Enero;6196;TRONILLO PROTESICO - TORQUE;2
2025;Enero;6241;PÓNTICO METAL PORCELANA;2
2025;Enero;6998;LABORATORIO ESPIGA MUÑÓN;2
2025;Enero;7004;LABORATORIO PROVISORIO;1
2025;Enero;7005;LABORATORIO PROVISORIO B;1
2025;Enero;7006;LABORATORIO PLANO;2
2025;Enero;7010;LABORATORIO INC CEREC;12
2025;Enero;7012;LABORATORIO CORONA IMPLANTOSOPO;10
2025;Enero;7013;LABORATORIO CORONA PORCELANA;2
2025;Enero;7015;LABORATORIO CORONA METALCERÁMIC;3
2025;Enero;7024;LAB. ORTOD INVISALIGN 1 ARCO;3
2025;Enero;7210;EXODONCIA A COLGAJO;2
2025;Enero;7220;EXOD. DIENTE INCLUIDO SUBMUCOSO;4
2025;Enero;7280;FENESTRACIÓN / ORTODONCIA;1
2025;Enero;8080;AP. FIJO METALICO 1 AÑO;1
2025;Enero;8671;CONTROL ORTODONCIA;45
2025;Enero;8690;INVISALIGN ORTOD.;3
2025;Enero;9110;URGENCIA;15
2025;Enero;9310;PROGRAMACION;7
2025;Febrero;140;EXAMEN CLINICO PARCIAL;1
2025;Febrero;150;EXAMEN CLINICO COMPLETO;1
2025;Febrero;220;RX PERIAPICAL-1 PELICULA;6
2025;Febrero;270;BITEWING UNILATERAL;1
2025;Febrero;272;BITEWINGS-BILATERAL;2
2025;Febrero;274;BITEWINGS-BILATERAL 4 PLACAS;1
2025;Febrero;330;ORTOPANTOMOGRAFIA;3
2025;Febrero;1101;PROFILAXIS SUPERFICIAL TOTAL;5
2025;Febrero;1110;PROFILAXIS-ADULTO 3 GRUPOS;8
2025;Febrero;1120;PROFILAXIS-NIÑO;3
2025;Febrero;1203;FLUORACIÓN SILANO NIÑO;3
2025;Febrero;1204;FLUORACIÓN SILANO ADULTO;1
2025;Febrero;1330;INSTRUCCIÓN DE HIGIENE ORAL;1
2025;Febrero;2330;RESINA-UNA SUPERF. ANTERIOR;3
2025;Febrero;2331;RESINA-DOS SUPERF. ANTERIOR;1
2025;Febrero;2385;RESINA-1 SUPERF POST-PERMANENTE;6
2025;Febrero;2620;INLAY-PORCEL/CERÁMICA-2 SUPERF.;1
2025;Febrero;2630;INLAY-PORCEL/CERÁMICA-3+ SUPERF;2
2025;Febrero;2710;CORONA DE RESINA PROVISORI;1
2025;Febrero;2740;CORONA CERÁMICA;1
2025;Febrero;2955;REMOCIÓN DE ESPIGA - CORONA;1
2025;Febrero;3229;EXODONCIA PRIMARIO;3
2025;Febrero;4263;INJERTO POR SITIO;1
2025;Febrero;4341;PROFILAXIS PROFUNDA POR GRUPO;1
2025;Febrero;6010;CIRUGIA DE IMPLANTES C/U;1
2025;Febrero;6020;EXPOSICIÓN DEL IMPLANTE;1
2025;Febrero;6196;TRONILLO PROTESICO - TORQUE;1
2025;Febrero;7005;LABORATORIO PROVISORIO B;1
2025;Febrero;7010;LABORATORIO INC CEREC;4
2025;Febrero;7024;LAB. ORTOD INVISALIGN 1 ARCO;1
2025;Febrero;7210;EXODONCIA A COLGAJO;2
2025;Febrero;8671;CONTROL ORTODONCIA;15
2025;Febrero;8690;INVISALIGN ORTOD.;1
2025;Febrero;9110;URGENCIA;4
2025;Marzo;140;EXAMEN CLINICO PARCIAL;4
2025;Marzo;150;EXAMEN CLINICO COMPLETO;9
2025;Marzo;220;RX PERIAPICAL-1 PELICULA;8
2025;Marzo;272;BITEWINGS-BILATERAL;6
2025;Marzo;274;BITEWINGS-BILATERAL 4 PLACAS;2
2025;Marzo;330;ORTOPANTOMOGRAFIA;7
2025;Marzo;337;SCANNER 3D(CONE BEAM);6
2025;Marzo;501;EXAMEN HISTOPATOLÓGICO;2
2025;Marzo;1101;PROFILAXIS SUPERFICIAL TOTAL;3
2025;Marzo;1110;PROFILAXIS-ADULTO 3 GRUPOS;54
2025;Marzo;1120;PROFILAXIS-NIÑO;6
2025;Marzo;1203;FLUORACIÓN SILANO NIÑO;5
2025;Marzo;1204;FLUORACIÓN SILANO ADULTO;5
2025;Marzo;1330;INSTRUCCIÓN DE HIGIENE ORAL;1
2025;Marzo;1351;SELLANTE;3
2025;Marzo;1355;SESIÓN DE TRATAMIENTO;2
2025;Marzo;2138;CONTROL BLANQ.;2
2025;Marzo;2139;BLANQUEAMIENTO;2
2025;Marzo;2330;RESINA-UNA SUPERF. ANTERIOR;5
2025;Marzo;2385;RESINA-1 SUPERF POST-PERMANENTE;9
2025;Marzo;2386;RESINA-2 SUPER POST PERMANENTE;1
2025;Marzo;2387;RESINA-3 SUPERF O + POST-PERM;1
2025;Marzo;2610;INLAY-PORCEL/CERÁMICA-1 SUPERF.;1
2025;Marzo;2620;INLAY-PORCEL/CERÁMICA-2 SUPERF.;2
2025;Marzo;2630;INLAY-PORCEL/CERÁMICA-3+ SUPERF;1
2025;Marzo;2710;CORONA DE RESINA PROVISORI;1
2025;Marzo;2740;CORONA CERÁMICA;1
2025;Marzo;3330;ENDODONCIA MOLAR;1
2025;Marzo;3346;ENDODONCIA ANT LESIÓN O REP.;1
2025;Marzo;3999;SESIÓN ENDODONCIA;3
2025;Marzo;4240;COLGAJO POR GRUPO;1
2025;Marzo;4249;CIR. ÓSEA C/ALARG. CORONARIO;2
2025;Marzo;4260;CIR. ÓSEA POR GRUPO;1
2025;Marzo;4263;INJERTO POR SITIO;1
2025;Marzo;4321;FÉRULA PROV. EXTRACORONARIA;4
2025;Marzo;4930;REEVALUACIÓN;1
2025;Marzo;4940;RETIRO DE SUTURA;4
2025;Marzo;6025;CORONA IMPLANTO SOPORTADA;1
2025;Marzo;6030;PILAR MULTI UNIT Y ADITAMENTOS;4
2025;Marzo;7005;LABORATORIO PROVISORIO B;3
2025;Marzo;7006;LABORATORIO PLANO;1
2025;Marzo;7010;LABORATORIO INC CEREC;5
2025;Marzo;7012;LABORATORIO CORONA IMPLANTOSOPO;1
2025;Marzo;7024;LAB. ORTOD INVISALIGN 1 ARCO;1
2025;Marzo;7026;LAB. ORTOD. INVISALIGN 2 ARCOS;2
2025;Marzo;7210;EXODONCIA A COLGAJO;2
2025;Marzo;7286;BIOPSIA DE TEJIDOS BLANDOS;2
2025;Marzo;8670;CONTROL SIN APARATO;1
2025;Marzo;8671;CONTROL ORTODONCIA;63
2025;Marzo;8690;INVISALIGN ORTOD.;1
2025;Marzo;9110;URGENCIA;7
2025;Marzo;9310;PROGRAMACION;10
2025;Marzo;9940;PLANO DE ESTABILIZACIÓN;2
2025;Abril;140;EXAMEN CLINICO PARCIAL;2
2025;Abril;150;EXAMEN CLINICO COMPLETO;13
2025;Abril;220;RX PERIAPICAL-1 PELICULA;10
2025;Abril;272;BITEWINGS-BILATERAL;4
2025;Abril;274;BITEWINGS-BILATERAL 4 PLACAS;11
2025;Abril;330;ORTOPANTOMOGRAFIA;13
2025;Abril;337;SCANNER 3D(CONE BEAM);5
2025;Abril;501;EXAMEN HISTOPATOLÓGICO;1
2025;Abril;1101;PROFILAXIS SUPERFICIAL TOTAL;9
2025;Abril;1110;PROFILAXIS-ADULTO 3 GRUPOS;87
2025;Abril;1120;PROFILAXIS-NIÑO;3
2025;Abril;1203;FLUORACIÓN SILANO NIÑO;2
2025;Abril;1204;FLUORACIÓN SILANO ADULTO;9
2025;Abril;1351;SELLANTE;1
2025;Abril;1355;SESIÓN DE TRATAMIENTO;1
2025;Abril;2330;RESINA-UNA SUPERF. ANTERIOR;25
2025;Abril;2331;RESINA-DOS SUPERF. ANTERIOR;3
2025;Abril;2385;RESINA-1 SUPERF POST-PERMANENTE;8
2025;Abril;2610;INLAY-PORCEL/CERÁMICA-1 SUPERF.;3
2025;Abril;2620;INLAY-PORCEL/CERÁMICA-2 SUPERF.;2
2025;Abril;2630;INLAY-PORCEL/CERÁMICA-3+ SUPERF;6
2025;Abril;2644;ONLAY-PORCEL/CERÁM-4 + SUPERF.;1
2025;Abril;2710;CORONA DE RESINA PROVISORI;5
2025;Abril;2740;CORONA CERÁMICA;6
2025;Abril;2751;CORONA METAL CERÁMICA;1
2025;Abril;2955;REMOCIÓN DE ESPIGA - CORONA;1
2025;Abril;2962;CARILLA VESTIBULAR PORCELANA;9
2025;Abril;3320;ENDODONCIA PREMOLAR;2
2025;Abril;3346;ENDODONCIA ANT LESIÓN O REP.;1
2025;Abril;3999;SESIÓN ENDODONCIA;1
2025;Abril;4250;CIR. MUCOGINGIVAL POR GRUPO;3
2025;Abril;4260;CIR. ÓSEA POR GRUPO;1
2025;Abril;4263;INJERTO POR SITIO;1
2025;Abril;4273;INJERTO TEJ. CONJUNTIVO;1
2025;Abril;4321;FÉRULA PROV. EXTRACORONARIA;2
2025;Abril;4341;PROFILAXIS PROFUNDA POR GRUPO;7
2025;Abril;4940;RETIRO DE SUTURA;7
2025;Abril;4941;CONTROL DE CIRUGIA;2
2025;Abril;5214;PROT PARCIAL METÁLICA INFERIOR;1
2025;Abril;6010;CIRUGIA DE IMPLANTES C/U;1
2025;Abril;6020;EXPOSICIÓN DEL IMPLANTE;3
2025;Abril;6025;CORONA IMPLANTO SOPORTADA;5
2025;Abril;6030;PILAR MULTI UNIT Y ADITAMENTOS;3
2025;Abril;7005;LABORATORIO PROVISORIO B;4
2025;Abril;7006;LABORATORIO PLANO;4
2025;Abril;7010;LABORATORIO INC CEREC;13
2025;Abril;7011;LABORATORIO CARILLA VESTIBULAR;9
2025;Abril;7012;LABORATORIO CORONA IMPLANTOSOPO;5
2025;Abril;7013;LABORATORIO CORONA PORCELANA;5
2025;Abril;7024;LAB. ORTOD INVISALIGN 1 ARCO;1
2025;Abril;7026;LAB. ORTOD. INVISALIGN 2 ARCOS;1
2025;Abril;7220;EXOD. DIENTE INCLUIDO SUBMUCOSO;2
2025;Abril;7240;EXOD. DIENTE INCLUIDO O IMPACTAD;4
2025;Abril;7250;EXODONCIA RADICULAR A COLGAJO;2
2025;Abril;7286;BIOPSIA DE TEJIDOS BLANDOS;1
2025;Abril;8210;INST AP REM UN MAX;1
2025;Abril;8220;INST AP FIJO UN MAX;1
2025;Abril;8671;CONTROL ORTODONCIA;61
2025;Abril;8690;INVISALIGN ORTOD.;3
2025;Abril;9110;URGENCIA;10
2025;Abril;9310;PROGRAMACION;10
2025;Abril;9940;PLANO DE ESTABILIZACIÓN;1
2025;Abril;9952;AJUSTE OCLUSAL / SELECTIVO;1
2025;Mayo;140;EXAMEN CLINICO PARCIAL;6
2025;Mayo;150;EXAMEN CLINICO COMPLETO;13
2025;Mayo;220;RX PERIAPICAL-1 PELICULA;17
2025;Mayo;270;BITEWING UNILATERAL;1
2025;Mayo;272;BITEWINGS-BILATERAL;5
2025;Mayo;274;BITEWINGS-BILATERAL 4 PLACAS;11
2025;Mayo;330;ORTOPANTOMOGRAFIA;17
2025;Mayo;337;SCANNER 3D(CONE BEAM);5
2025;Mayo;1101;PROFILAXIS SUPERFICIAL TOTAL;12
2025;Mayo;1110;PROFILAXIS-ADULTO 3 GRUPOS;75
2025;Mayo;1120;PROFILAXIS-NIÑO;6
2025;Mayo;1203;FLUORACIÓN SILANO NIÑO;3
2025;Mayo;1204;FLUORACIÓN SILANO ADULTO;8
2025;Mayo;1355;SESIÓN DE TRATAMIENTO;6
2025;Mayo;2330;RESINA-UNA SUPERF. ANTERIOR;14
2025;Mayo;2385;RESINA-1 SUPERF POST-PERMANENTE;14
2025;Mayo;2386;RESINA-2 SUPER POST PERMANENTE;3
2025;Mayo;2620;INLAY-PORCEL/CERÁMICA-2 SUPERF.;3
2025;Mayo;2630;INLAY-PORCEL/CERÁMICA-3+ SUPERF;3
2025;Mayo;2710;CORONA DE RESINA PROVISORI;2
2025;Mayo;2910;RECEMENT INLAY;1
2025;Mayo;2950;MUÑÓN INCLUYE RETENCIONES;1
2025;Mayo;2952;ESPIGA MUÑÓN COLADO;1
2025;Mayo;2955;REMOCIÓN DE ESPIGA - CORONA;2
2025;Mayo;3320;ENDODONCIA PREMOLAR;1
2025;Mayo;3348;ENDODONCIA M CON LES O REP;1
2025;Mayo;3999;SESIÓN ENDODONCIA;3
2025;Mayo;4263;INJERTO POR SITIO;1
2025;Mayo;4930;REEVALUACIÓN;1
2025;Mayo;4940;RETIRO DE SUTURA;5
2025;Mayo;6010;CIRUGIA DE IMPLANTES C/U;1
2025;Mayo;6020;EXPOSICIÓN DEL IMPLANTE;3
2025;Mayo;6025;CORONA IMPLANTO SOPORTADA;1
2025;Mayo;6030;PILAR MULTI UNIT Y ADITAMENTOS;3
2025;Mayo;6998;LABORATORIO ESPIGA MUÑÓN;3
2025;Mayo;7004;LABORATORIO PROVISORIO;2
2025;Mayo;7005;LABORATORIO PROVISORIO B;2
2025;Mayo;7010;LABORATORIO INC CEREC;6
2025;Mayo;7012;LABORATORIO CORONA IMPLANTOSOPO;2
2025;Mayo;7013;LABORATORIO CORONA PORCELANA;1
2025;Mayo;7024;LAB. ORTOD INVISALIGN 1 ARCO;1
2025;Mayo;7026;LAB. ORTOD. INVISALIGN 2 ARCOS;1
2025;Mayo;7210;EXODONCIA A COLGAJO;1
2025;Mayo;7230;EXOD DIENTE SEMI INCLUIDO ÓSEO;2
2025;Mayo;7410;EXCÉRESIS DE TUMOR;1
2025;Mayo;7910;SUTURA DE HERIDAS HASTA 5CM.;1
2025;Mayo;8671;CONTROL ORTODONCIA;53
2025;Mayo;8680;RETIRO AP. FIJO POR MAXILAR;2
2025;Mayo;8690;INVISALIGN ORTOD.;2
2025;Mayo;9110;URGENCIA;10
2025;Mayo;9310;PROGRAMACION;11
2025;Mayo;9940;PLANO DE ESTABILIZACIÓN;3
2025;Mayo;9942;CONTROL DE PLANO ESTABILIZACIÓN;2
2025;Mayo;9951;DESGASTE COSMÉTICO;1
2025;Mayo;9952;AJUSTE OCLUSAL / SELECTIVO;1
2025;Junio;140;Examen Clinico Parcial;2
2025;Junio;150;Examen Clinico Completo;10
2025;Junio;220;RX Periapical-1 Pelicula;7
2025;Junio;272;Bitewings-Bilateral;6
2025;Junio;274;Bitewings-Bilateral 4 Placas;8
2025;Junio;330;Ortopantomografia;16
2025;Junio;337;Scanner 3D(Cone Beam);6
2025;Junio;501;Examen Histopatologico;1
2025;Junio;1101;Profilaxis Superficial Total;15
2025;Junio;1110;Profilaxis-Adulto 3 Grupos;66
2025;Junio;1120;Profilaxis-Niño;10
2025;Junio;1330;Instruccion de Higiene Oral;1
2025;Junio;1351;Sellante;10
2025;Junio;2330;Resina-Una Superf. Anterior;6
2025;Junio;2385;Resina-1 Superf Post-Permanente;9
2025;Junio;2386;Resina-2 Super Post Permanente;3
2025;Junio;2610;Inlay-Porcel/Ceramica-1 Superf.;2
2025;Junio;2620;Inlay-Porcel/Ceramica-2 Superf.;2
2025;Junio;2630;Inlay-Porcel/Ceramica-3+ Superf;2
2025;Junio;2710;Corona de Resina Provisori;2
2025;Junio;2740;Corona Ceramica;3
2025;Junio;2751;Corona Metal Ceramica;2
2025;Junio;2952;Espiga Muñon Colado;2
2025;Junio;3229;Exodoncia Primario;6
2025;Junio;3320;Endodoncia Premolar;1
2025;Junio;3330;Endodoncia Molar;2
2025;Junio;4263;Injerto por Sitio;2
2025;Junio;4341;Profilaxis Profunda por Grupo;8
2025;Junio;4940;Retiro de Sutura;6
2025;Junio;6010;Cirugia de Implantes C/U;2
2025;Junio;6020;Exposicion del Implante;4
2025;Junio;6025;Corona Implante Soportada;7
2025;Julio;140;Examen Clinico Parcial;3
2025;Julio;150;Examen Clinico Completo;14
2025;Julio;220;RX Periapical-1 Pelicula;24
2025;Julio;230;RX-Periapical-Cada Adicional;1
2025;Julio;270;Bitewing Unilateral;2
2025;Julio;272;Bitewings-Bilateral;3
2025;Julio;274;Bitewings-Bilateral 4 Placas;26
2025;Julio;330;Ortopantomografia;41
2025;Julio;337;Scanner 3D(Cone Beam);12
2025;Julio;1101;Profilaxis Superficial Total;13
2025;Julio;1110;Profilaxis-Adulto 3 Grupos;70
2025;Julio;1120;Profilaxis-Niño;2
2025;Julio;1204;Fluoracion Silano ADULTO;13
2025;Julio;1330;Instruccion de Higiene Oral;1
2025;Julio;1355;Sesion de Tratamiento;3
2025;Julio;2139;Blanqueamiento;2
2025;Julio;2330;Resina-Una Superf. Anterior;14
2025;Julio;2331;Resina-Dos Superf. Anterior;1
2025;Julio;2385;Resina-1 Superf Post-Permanente;29
2025;Julio;2386;Resina-2 Super Post Permanente;3
2025;Julio;2620;Inlay-Porcel/Ceramica-2 Superf.;5
2025;Julio;2710;Corona de Resina Provisori;10
2025;Julio;2920;Recement Crown;2
2025;Julio;2932;Corona Provisoria Prefabricada;1
2025;Julio;2955;Remocion de Espiga - Corona;1
2025;Julio;2960;Carilla Vestibular Resina;3
2025;Julio;3229;Exodoncia Primario;2
2025;Julio;3320;Endodoncia Premolar;2
2025;Julio;4240;Colgajo por Grupo;1
2025;Julio;4249;Cir. Osea C/Alarg. Coronario;1
2025;Julio;4263;Injerto por Sitio;3
2025;Julio;4940;Retiro de Sutura;6
2025;Julio;5620;Repar Base Metálica;1
2025;Julio;6010;Cirugia de Implantes C/U;3
2025;Julio;6020;Exposicion del Implante;4
2025;Julio;6025;Corona Implante Soportada;4
2025;Julio;6030;Pilar Multi Unit y Aditamentos;2
2025;Julio;6196;Tronillo Protesico - Torque;1
2025;Julio;7005;Laboratorio Provisorio B;3
2025;Agosto;120;Evaluacion Periodica;1
2025;Agosto;140;Examen Clinico Parcial;4
2025;Agosto;150;Examen Clinico Completo;10
2025;Agosto;220;RX Periapical-1 Pelicula;7
2025;Agosto;270;Bitewing Unilateral;1
2025;Agosto;272;Bitewings-Bilateral;1
2025;Agosto;274;Bitewings-Bilateral 4 Placas;11
2025;Agosto;330;Ortopantomografia;23
2025;Agosto;337;Scanner 3D(Cone Beam);6
2025;Agosto;416;Estudio Guided Surgery;1
2025;Agosto;470;Impresiones / Modelos Diagnóst.;1
2025;Agosto;502;Sondaje Computarizado Florida;1
2025;Agosto;1101;Profilaxis Superficial Total;12
2025;Agosto;1110;Profilaxis-Adulto 3 Grupos;77
2025;Agosto;1120;Profilaxis-Niño;7
2025;Agosto;1204;Fluoración Silano ADULTO;6
2025;Agosto;2139;Blanqueamiento;3
2025;Agosto;2330;Resina-Una Superf. Anterior;23
2025;Agosto;2331;Resina-Dos Superf. Anterior;5
2025;Agosto;2385;Resina-1 Superf Post-Permanente;36
2025;Agosto;2386;Resina-2 Super Post Permanente;1
2025;Agosto;2610;Inlay-Porcel/Ceramica-1 Superf.;2
2025;Agosto;2620;Inlay-Porcel/Ceramica-2 Superf.;5
2025;Agosto;2630;Inlay-Porcel/Ceramica-3+ Superf;7
2025;Agosto;2710;Corona de Resina Provisori;26
2025;Agosto;2740;Corona Ceramica;18
2025;Agosto;2950;Muñon Incluye Retenciones;11
2025;Agosto;2952;Espiga Muñon Colado;8
2025;Agosto;2955;Remocion de Espiga - Corona;3
2025;Agosto;3229;Exodoncia Primario;6
2025;Agosto;3310;Endodoncia Anterior;4
2025;Agosto;3330;Endodoncia Molar;3
2025;Agosto;3348;Endodoncia M Con Les o Rep;1
2025;Agosto;3999;Sesion Endodoncia;1
2025;Agosto;4240;Colgajo por Grupo;4
2025;Agosto;4249;Cir. Osea C/Alarg. Coronario;2
2025;Agosto;4260;Cir. Osea por Grupo;1
2025;Agosto;4263;Injerto por Sitio;1
2025;Agosto;4930;Reevaluación;1
2025;Agosto;4940;Retiro de Sutura;7
2025;Agosto;5650;Agregar Diente a Prot Parcial;2
2025;Agosto;6010;Cirugia de Implantes C/U;2
2025;Agosto;6020;Exposicion del Implante;1
2025;Agosto;6025;Corona Implante Soportada;3
2025;Agosto;6030;Pilar Multi Unit y Aditamentos;5
2025;Agosto;6100;Extracción de Implante;1
2025;Agosto;6196;Tronillo Protesico - Torque;2
2025;Agosto;6972;Espiga Prefomada de Ti + Resin;1
2025;Agosto;6998;Laboratorio Espiga Muñon;3
2025;Agosto;7001;Laboratorio Reparación;1
2025;Agosto;7004;Laboratorio Provisorio;25
2025;Agosto;7006;Laboratorio Plano;2
2025;Agosto;7010;Laboratorio Inc Cerec;14
2025;Agosto;7012;Laboratorio Corona Implantosopo;1
2025;Agosto;7013;Laboratorio Corona Porcelana;17
2025;Agosto;7015;Laboratorio Corona Metalceramic;2
2025;Agosto;7024;Lab. Ortod Invisalign 1 Arco;2
2025;Agosto;7026;Lab. Ortod. Invisalign 2 Arcos;3
2025;Agosto;7210;Exodoncia a Colgajo;14
2025;Agosto;8090;Ap. Fijo Metalico 2 Años;1
2025;Agosto;8671;Control Ortodoncia;50
2025;Agosto;8690;Invisalign Ortod.;3
2025;Agosto;9110;Urgencia;7
2025;Agosto;9310;Programacion;11
2025;Agosto;9940;Plano de Estabilización;1
2025;Agosto;9942;Control de Plano Estabilización;2
2025;Agosto;9951;Desgaste Cosmético;1
2025;Septiembre;150;Examen Clinico Completo;8
2025;Septiembre;220;RX Periapical-1 Pelicula;7
2025;Septiembre;270;Bitewing Unilateral;1
2025;Septiembre;272;Bitewings-Bilateral;5
2025;Septiembre;274;Bitewings-Bilateral 4 Placas;11
2025;Septiembre;330;Ortopantomografia;18
2025;Septiembre;337;Scanner 3D(Cone Beam);2
2025;Septiembre;1101;Profilaxis Superficial Total;6
2025;Septiembre;1110;Profilaxis-Adulto 3 Grupos;49
2025;Septiembre;1120;Profilaxis-Niño;5
2025;Septiembre;1203;Fluoración Silano Niño;3
2025;Septiembre;1204;Fluoración Silano ADULTO;7
2025;Septiembre;1351;Sellante;9
2025;Septiembre;1355;Sesion de Tratamiento;4
2025;Septiembre;2330;Resina-Una Superf. Anterior;14
2025;Septiembre;2331;Resina-Dos Superf. Anterior;1
2025;Septiembre;2332;Resina Tres Superfi Anterior;2
2025;Septiembre;2385;Resina-1 Superf Post-Permanente;27
2025;Septiembre;2386;Resina-2 Super Post Permanente;3
2025;Septiembre;2620;Inlay-Porcel/Ceramica-2 Superf.;8
2025;Septiembre;2630;Inlay-Porcel/Ceramica-3+ Superf;1
2025;Septiembre;2710;Corona de Resina Provisori;18
2025;Septiembre;2740;Corona Ceramica;16
2025;Septiembre;2751;Corona Metal Ceramica;4
2025;Septiembre;2950;Muñon Incluye Retenciones;1
2025;Septiembre;2955;Remocion de Espiga - Corona;3
2025;Septiembre;2962;Carilla Vestibular Porcelana;1
2025;Septiembre;3229;Exodoncia Primario;2
2025;Septiembre;3320;Endodoncia Premolar;4
2025;Septiembre;3330;Endodoncia Molar;1
2025;Septiembre;4240;Colgajo por Grupo;2
2025;Septiembre;4249;Cir. Osea C/Alarg. Coronario;2
2025;Septiembre;4250;Cir. Mucogingival por Grupo;1
2025;Septiembre;4263;Injerto por Sitio;3
2025;Septiembre;4273;Injerto Tej. Conjuntivo;1
2025;Septiembre;4341;Profilaxis Profunda por Grupo;4
2025;Septiembre;4940;Retiro de Sutura;9
2025;Septiembre;4941;Control de Cirugia;8
2025;Septiembre;6010;Cirugia de Implantes C/U;3
2025;Septiembre;6020;Exposicion del Implante;3
2025;Septiembre;6030;Pilar Multi Unit y Aditamentos;1
2025;Septiembre;6100;Extracción de Implante;1
2025;Septiembre;6241;Póntico Metal Porcelana;1
2025;Septiembre;6998;Laboratorio Espiga Muñon;4
2025;Septiembre;7004;Laboratorio Provisorio;12
2025;Septiembre;7005;Laboratorio Provisorio B;1
2025;Septiembre;7006;Laboratorio Plano;3
2025;Septiembre;7010;Laboratorio Inc Cerec;9
2025;Septiembre;7011;Laboratorio Carilla Vestibular;1
2025;Septiembre;7013;Laboratorio Corona Porcelana;8
2025;Septiembre;7015;Laboratorio Corona Metalceramic;1
2025;Septiembre;7210;Exodoncia a Colgajo;4
2025;Septiembre;8671;Control Ortodoncia;45
2025;Septiembre;9110;Urgencia;14
2025;Septiembre;9940;Plano de Estabilización;2
2025;Septiembre;9942;Control de Plano Estabilización;3
2025;Septiembre;9952;Ajuste Oclusal / Selectivo;1
2025;Octubre;120;Evaluacion Periodica;1
2025;Octubre;140;Examen Clinico Parcial;2
2025;Octubre;150;Examen Clinico Completo;17
2025;Octubre;220;RX Periapical-1 Pelicula;1
2025;Octubre;270;Bitewing Unilateral;2
2025;Octubre;272;Bitewings-Bilateral;1
2025;Octubre;274;Bitewings-Bilateral 4 Placas;14
2025;Octubre;330;Ortopantomografia;29
2025;Octubre;337;Scanner 3D(Cone Beam);12
2025;Octubre;340;Cephalometric Film (Teleradiog);1
2025;Octubre;1101;Profilaxis Superficial Total;11
2025;Octubre;1110;Profilaxis-Adulto 3 Grupos;64
2025;Octubre;1120;Profilaxis-Niño;3
2025;Octubre;1203;Fluoración Silano Niño;3
2025;Octubre;1204;Fluoración Silano ADULTO;2
2025;Octubre;1351;Sellante;5
2025;Octubre;1355;Sesion de Tratamiento;5
2025;Octubre;2138;Control Blanq.;1
2025;Octubre;2139;Blanqueamiento;2
2025;Octubre;2330;Resina-Una Superf. Anterior;9
2025;Octubre;2385;Resina-1 Superf Post-Permanente;24
2025;Octubre;2386;Resina-2 Super Post Permanente;3
2025;Octubre;2610;Inlay-Porcel/Ceramica-1 Superf.;3
2025;Octubre;2620;Inlay-Porcel/Ceramica-2 Superf.;5
2025;Octubre;2630;Inlay-Porcel/Ceramica-3+ Superf;1
2025;Octubre;2710;Corona de Resina Provisori;14
2025;Octubre;2740;Corona Ceramica;3
2025;Octubre;2751;Corona Metal Ceramica;1
2025;Octubre;2952;Espiga Muñon Colado;5
2025;Octubre;2960;Carilla Vestibular Resina;2
2025;Octubre;3229;Exodoncia Primario;2
2025;Octubre;3320;Endodoncia Premolar;1
2025;Octubre;4240;Colgajo por Grupo;1
2025;Octubre;4249;Cir. Osea C/Alarg. Coronario;1
2025;Octubre;4263;Injerto por Sitio;1
2025;Octubre;4940;Retiro de Sutura;6
2025;Octubre;4941;Control de Cirugia;3
2025;Octubre;6010;Cirugia de Implantes C/U;3
2025;Octubre;6020;Exposicion del Implante;4
2025;Octubre;6025;Corona Implante Soportada;4
2025;Octubre;6030;Pilar Multi Unit y Aditamentos;6
2025;Octubre;6241;Póntico Metal Porcelana;2
2025;Octubre;6998;Laboratorio Espiga Muñon;5
2025;Octubre;7004;Laboratorio Provisorio;2
2025;Octubre;7005;Laboratorio Provisorio B;5
2025;Octubre;7006;Laboratorio Plano;6
2025;Octubre;7010;Laboratorio Inc Cerec;9
2025;Octubre;7011;Laboratorio Carilla Vestibular;1
2025;Octubre;7012;Laboratorio Corona Implantosopo;6
2025;Octubre;7013;Laboratorio Corona Porcelana;3
2025;Octubre;7015;Laboratorio Corona Metalceramic;6
2025;Octubre;7021;Encerado Diagnóstico por Pieza;8
2025;Octubre;7210;Exodoncia a Colgajo;8
2025;Octubre;8671;Control Ortodoncia;66
2025;Octubre;9110;Urgencia;15
2025;Octubre;9310;Programacion;24
2025;Octubre;9940;Plano de Estabilización;4
2025;Octubre;9942;Control de Plano Estabilización;3
2025;Noviembre;140;Examen Clinico Parcial;2
2025;Noviembre;150;Examen Clinico Completo;8
2025;Noviembre;220;RX Periapical-1 Pelicula;8
2025;Noviembre;272;Bitewings-Bilateral;6
2025;Noviembre;274;Bitewings-Bilateral 4 Placas;8
2025;Noviembre;330;Ortopantomografia;17
2025;Noviembre;337;Scanner 3D(Cone Beam);4
2025;Noviembre;501;Examen Histopatologico;1
2025;Noviembre;1101;Profilaxis Superficial Total;13
2025;Noviembre;1110;Profilaxis-Adulto 3 Grupos;65
2025;Noviembre;1120;Profilaxis-Niño;2
2025;Noviembre;1203;Fluoración Silano Niño;1
2025;Noviembre;1204;Fluoración Silano ADULTO;8
2025;Noviembre;1351;Sellante;10
2025;Noviembre;1355;Sesion de Tratamiento;25
2025;Noviembre;2138;Control Blanq.;1
2025;Noviembre;2330;Resina-Una Superf. Anterior;3
2025;Noviembre;2331;Resina-Dos Superf. Anterior;4
2025;Noviembre;2385;Resina-1 Superf Post-Permanente;17
2025;Noviembre;2610;Inlay-Porcel/Ceramica-1 Superf.;6
2025;Noviembre;2620;Inlay-Porcel/Ceramica-2 Superf.;5
2025;Noviembre;2630;Inlay-Porcel/Ceramica-3+ Superf;5
2025;Noviembre;2710;Corona de Resina Provisori;7
2025;Noviembre;2740;Corona Ceramica;2
2025;Noviembre;2751;Corona Metal Ceramica;2
2025;Noviembre;2952;Espiga Muñon Colado;2
2025;Noviembre;2962;Carilla Vestibular Porcelana;8
2025;Noviembre;3310;Endodoncia Anterior;1
2025;Noviembre;3330;Endodoncia Molar;1
2025;Noviembre;4240;Colgajo por Grupo;12
2025;Noviembre;4249;Cir. Osea C/Alarg. Coronario;1
2025;Noviembre;4263;Injerto por Sitio;1
2025;Noviembre;4341;Profilaxis Profunda por Grupo;11
2025;Noviembre;4940;Retiro de Sutura;7
2025;Noviembre;4941;Control de Cirugia;10
2025;Noviembre;5610;Repar Base Acrilica;1
2025;Noviembre;5851;Acondicionador de Tej Inf;1
2025;Noviembre;6010;Cirugia de Implantes C/U;3
2025;Noviembre;6020;Exposicion del Implante;1
2025;Noviembre;6025;Corona Implante Soportada;2
2025;Noviembre;6030;Pilar Multi Unit y Aditamentos;1
2025;Noviembre;6100;Extracción de Implante;1
2025;Noviembre;6196;Tronillo Protesico - Torque;1
2025;Noviembre;6241;Póntico Metal Porcelana;1
2025;Noviembre;6998;Laboratorio Espiga Muñon;1
2025;Noviembre;7001;Laboratorio Reparación;1
2025;Noviembre;7004;Laboratorio Provisorio;4
2025;Noviembre;7005;Laboratorio Provisorio B;2
2025;Noviembre;7006;Laboratorio Plano;4
2025;Noviembre;7010;Laboratorio Inc Cerec;16
2025;Noviembre;7012;Laboratorio Corona Implantosopo;1
2025;Noviembre;7013;Corona Porcelana;3
2025;Noviembre;7015;Laboratorio Corona Metalceramic;5
2025;Noviembre;7026;Lab. Ortod. Invisalign 2 Arcos;1
2025;Noviembre;7210;Exodoncia a Colgajo;3
2025;Noviembre;7240;Exod. Diente Incluido o Impactad;2
2025;Noviembre;7286;Biopsia de Tejidos Blandos;1
2025;Noviembre;8671;Control Ortodoncia;45
2025;Noviembre;8690;Invisalign Ortod.;1
2025;Noviembre;9110;Urgencia;15
2025;Noviembre;9310;Programacion;10
2025;Noviembre;9940;Plano de Estabilización;3
2025;Noviembre;9942;Control de Plano Estabilización;6
2025;Noviembre;9952;Ajuste Oclusal / Selectivo;1
2025;Diciembre;120;Evaluación Periodica;1
2025;Diciembre;140;Examen Clinico Parcial;2
2025;Diciembre;150;Examen Clinico Completo;12
2025;Diciembre;220;RX Periapical-1 Pelicula;10
2025;Diciembre;270;Bitewing Unilateral;2
2025;Diciembre;272;Bitewings-Bilateral;1
2025;Diciembre;274;Bitewings-Bilateral 4 Placas;16
2025;Diciembre;330;Ortopantomografia;22
2025;Diciembre;337;Scanner 3D(Cone Beam);5
2025;Diciembre;501;Examen Histopatológico;1
2025;Diciembre;1101;Profilaxis Superficial Total;16
2025;Diciembre;1110;Profilaxis-Adulto 3 Grupos;77
2025;Diciembre;1120;Profilaxis-Niño;15
2025;Diciembre;1201;Fluor Gel Niño;3
2025;Diciembre;1203;Fluoración Silano Niño;9
2025;Diciembre;1204;Fluoración Silano ADULTO;7
2025;Diciembre;1330;Instrucción de Higiene Oral;2
2025;Diciembre;1351;Sellante;4
2025;Diciembre;1355;Sesión de Tratamiento;12
2025;Diciembre;2330;Resina-Una Superf. Anterior;13
2025;Diciembre;2331;Resina-Dos Superf. Anterior;5
2025;Diciembre;2385;Resina-1 Superf Post-Permanente;12
2025;Diciembre;2386;Resina-2 Super Post Permanente;2
2025;Diciembre;2610;Inlay-Porcel/Ceramica-1 Superf.;5
2025;Diciembre;2620;Inlay-Porcel/Ceramica-2 Superf.;2
2025;Diciembre;2630;Inlay-Porcel/Ceramica-3+ Superf;3
2025;Diciembre;2710;Corona de Resina Provisori;11
2025;Diciembre;2740;Corona Cerámica;2
2025;Diciembre;2751;Corona Metal Cerámica;8
2025;Diciembre;2952;Espiga Muñon Colado;5
2025;Diciembre;2955;Remoción de Espiga - Corona;10
2025;Diciembre;2962;Carilla Vestibular Porcelana;6
2025;Diciembre;3310;Endodoncia Anterior;1
2025;Diciembre;3330;Endodoncia Molar;1
2025;Diciembre;3347;Endodoncia PM Con Les o Rep;2
2025;Diciembre;3999;Sesión Endodoncia;4
2025;Diciembre;4263;Injerto por Sitio;1
2025;Diciembre;4341;Profilaxis Profunda por Grupo;13
2025;Diciembre;4940;Retiro de Sutura;2
2025;Diciembre;4941;Control de Cirugia;6
2025;Diciembre;6010;Cirugia de Implantes C/U;1
2025;Diciembre;6020;Exposición del Implante;2
2025;Diciembre;6025;Corona Implanto Soportada;1
2025;Diciembre;6030;Pilar Multi Unit y Aditamentos;3
2025;Diciembre;6034;Pilar Estetico Individualizado;1
2025;Diciembre;6998;Laboratorio Espiga Muñón;6
2025;Diciembre;6999;Sesión Prot. Fija;1
2025;Diciembre;7004;Laboratorio Provisorio;7
2025;Diciembre;7005;Laboratorio Provisorio B;3
2025;Diciembre;7006;Laboratorio Plano;2
2025;Diciembre;7010;Laboratorio Inc Cerec;11
2025;Diciembre;7011;Laboratorio Carilla Vestibular;9
2025;Diciembre;7013;Laboratorio Corona Porcelana;3
2025;Diciembre;7015;Laboratorio Corona Metalcerámic;6
2025;Diciembre;7021;Encerado Diagnóstico por Pieza;7
2025;Diciembre;7024;Lab. Ortod Invisalign 1 Arco;1
2025;Diciembre;7026;Lab. Ortod. Invisalign 2 Arcos;5
2025;Diciembre;7210;Exodoncia a Colgajo;5
2025;Diciembre;7286;Biopsia de Tejidos Blandos;1
2025;Diciembre;8670;Control Sin Aparato;2
2025;Diciembre;8671;Control Ortodoncia;58
2025;Diciembre;8690;Invisalign Ortod.;3
2025;Diciembre;9110;Urgencia;9
2025;Diciembre;9310;Programacion;21
2025;Diciembre;9940;Plano de Estabilización;4
2025;Diciembre;9942;Control de Plano Estabilización;11
2025;Diciembre;9952;Ajuste Oclusal / Selectivo;1
2026;Mayo;9999;Anestesia infiltrativa;1
2026;Mayo;9999;Consulta / revisión;1
2026;Mayo;9999;Consulta / revisión;1
2026;Mayo;9999;Urgencia;1
2026;Mayo;9999;Solo Insumos;2
